time,open,high,low,close,EMA,EMA,ATR,成交量,均量,■ 正常,■ 没劲了(动力耗尽),■ 蓄力(量大不动),■ 假突破(冲高被打),■ 假跌破(探底弹回),■ 拉锯(多空对打),RSI,Regular Bullish,Regular Bullish Label,Hidden Bullish,Hidden Bullish Label,Regular Bearish,Regular Bearish Label,Hidden Bearish,Hidden Bearish Label
1773072000,5099.885,5110.715,5094.76,5104.74,5112.923835244997,5146.907328910365,33.49206814215159,49933,64925.04645573237,0,0,0,0,0,0,50.68641840085865,,,,,,,,
1773075600,5104.76,5106.99,5089.135,5096.12,5112.26486131382,5146.401982354043,32.37513470342644,44696,62998.47060280548,0,0,0,0,0,0,48.258179987581094,,,,,,,,
1773079200,5096.07,5126.645,5092.51,5123.46,5112.703886360337,5146.173703922659,32.50083936746743,34785,60311.47340253829,0,0,0,0,0,0,55.53431336876001,,,,,,,,
1773082800,5123.535,5144.325,5118.375,5141.21,5113.821773169735,5146.124313833877,32.03292226979117,71122,61341.04736420131,0,0,0,0,0,0,59.51483004773183,,,,,,,,
1773086400,5141.265,5148.205,5134.4,5137.91,5114.76640951602,5146.042579367868,30.730927821948967,17888,57202.66190094404,0,0,0,0,0,0,58.466917813493964,,,,,,,,
1773093600,5128.805,5153.285,5117.355,5153.22,5116.274393456568,5146.113996488585,31.102290120381205,23448,53987.932196092224,0,0,0,0,0,0,61.825237184973155,,,,,,,,
1773097200,5153.265,5156.21,5135.64,5139.805,5117.197162340624,5146.0512204041215,30.349983683211097,28222,51534.033891702486,0,0,0,0,0,0,57.44235084852594,,,,,,,,
1773100800,5139.61,5141.435,5124.89,5131.225,5117.747273621384,5145.903695822986,29.363913420124593,33637,49829.5544734451,0,0,0,0,0,0,54.76809269894956,54.76809269894956,,54.76809269894956,,,,,
1773104400,5131.155,5186.455,5124.835,5184.24,5120.354831518584,5146.285151585942,31.667919604401398,70871,51833.501666450335,0,0,0,0,0,0,65.46628846788616,,,,,65.46628846788616,,65.46628846788616,
1773108000,5184.245,5187.055,5164,5166.065,5122.147387145306,5146.481965998022,31.052711061229893,42266,50922.3110315503,0,0,0,0,0,0,60.20871516419333,,,,,,,,
1773111600,5166.055,5173.48,5155.56,5157.615,5123.538273923922,5146.592742455753,30.114660271141982,29278,48860.948076164554,0,0,0,0,0,0,57.88130511789231,,,,,,,,
1773115200,5157.555,5166.645,5154.47,5163.845,5125.118929848474,5146.7644067099245,28.833255966060424,13938,45534.95302129174,0,0,0,0,0,0,59.13553006837355,,,,,,,,
1773118800,5163.84,5179.35,5163.815,5177.87,5127.187599266181,5147.07391510087,27.883380539913304,16199,42741.052733549666,0,0,0,0,0,0,61.887049641094315,,,,,,,,
1773122400,5178.08,5181.1,5171.84,5175.34,5129.075928706723,5147.355169676981,26.553139072776656,16942,40284.00009225922,0,0,0,0,0,0,61.08797962801236,,,,,,,,
1773126000,5175.325,5181.755,5158.395,5181.205,5131.120206012341,5147.691983909051,26.32505771043544,30215,39325.04770252025,0,0,0,0,0,0,62.3031096719721,,,,,,,,
1773129600,5181.155,5195.405,5175.005,5183.48,5133.17353126676,5148.048083571647,25.901839302547167,30231,38458.94792132785,0,0,0,0,0,0,62.78852549124165,,,,,,,,
1773133200,5183.58,5189.505,5180.58,5182.755,5135.117902589632,5148.39342602367,24.689207923793813,26876,37355.810024058526,0,0,0,0,0,0,62.51226744233213,,,,,,,,
1773136800,5182.76,5183.91,5156.5,5177.18,5136.767396605725,5148.679859595574,24.883550214951388,39966,37604.399545576765,0,0,0,0,0,0,60.314665022535586,,,,,,,,
1773140400,5177.225,5192.045,5171.82,5175.26,5138.276910464324,5148.944338604573,24.55079662816917,37107,37557.02816028374,0,0,0,0,0,0,59.53837873027535,59.53837873027535,,59.53837873027535,,,,,
1773144000,5175.42,5189.6,5162.485,5187.085,5140.190953191213,5149.323847673184,24.733954011871422,43034,38078.644525971,0,0,0,0,0,0,62.72074947854278,,,,,,,,
1773147600,5187.01,5228.925,5186.005,5205.34,5142.74581777195,5149.881222323202,26.032957296737752,59704,40138.20219016424,0,0,0,0,0,0,67.03166821842571,,,,,,,,
1773151200,5205.455,5214.55,5185.3,5206.845,5145.259511192658,5150.44802608118,26.262746061256482,45107,40611.421029196215,0,0,0,0,0,0,67.36671297896615,,,,,,,,
1773154800,5206.76,5238.775,5203.285,5228.69,5148.531295067455,5151.22655318485,26.921835628309573,33643,39947.76188355848,0,0,0,0,0,0,71.84010645312338,,,,,71.84010645312338,,71.84010645312338,
1773158400,5228.88,5235.65,5222.75,5227.58,5151.6312442804965,5151.986288974055,25.920275940573152,21179,38160.26075179101,0,0,0,0,0,0,71.30523024701411,,,,,,,,
1773162000,5227.585,5235.55,5223.7,5227.575,5154.609430779301,5152.738415451925,24.91525623053224,38790,38220.2359182871,0,0,0,0,0,0,71.30265497136257,,,,,,,,
1773165600,5227.57,5228.065,5160.65,5192.05,5156.077688395799,5153.12957549718,27.950952214065648,76760,41890.689640355,0,0,0,0,0,0,55.86473337017565,,,,,,,,
1773169200,5192.08,5207.865,5179.905,5198.885,5157.756406497924,5153.584853352929,27.95159848448953,63365,43935.862055559286,0,0,0,0,0,0,57.759690282845035,,,,,,,,
1773172800,5198.88,5199.165,5191.875,5192.51,5159.119292517614,5153.97216824494,26.475770021311707,12331,40925.875193125066,0,0,0,0,0,0,55.371725088398904,,,,,,,,
1773180000,5191.79,5197.985,5183.47,5189.525,5160.311673203198,5154.32592776489,25.621429305503685,14047,38365.98231758935,0,0,0,0,0,0,54.24094229331617,54.24094229331617,,54.24094229331617,,,,,
1773183600,5189.44,5197.8,5187.835,5197.375,5161.765136999151,5154.754276742354,24.50311292653915,10549,35716.74590639036,0,0,0,0,0,0,56.742783345037594,,,,,,,,
1773187200,5197.38,5219.59,5186.66,5215.455,5163.8706218227135,5155.35826403845,25.105033431786374,20721,34288.57962959128,0,0,0,0,0,0,61.908432846345626,,,,,61.908432846345626,,61.908432846345626,
1773190800,5215.45,5223.385,5208.65,5208.66,5165.627068025744,5155.888629570406,24.36431675808739,31687,34040.81014105878,0,0,0,0,0,0,59.054178229664295,,,,,,,,
1773194400,5208.72,5220.64,5194.02,5217.45,5167.6593398678715,5156.501180519954,24.52543698965257,27152,33384.73298476746,0,0,0,0,0,0,61.52534327837354,,,,,,,,
1773198000,5217.32,5220.505,5199.42,5203.44,5169.062503010308,5156.968233450103,24.279691490391674,15030,31636.663176694372,0,0,0,0,0,0,55.750082261373215,,,,,,,,
1773201600,5203.445,5208.81,5199.595,5204.61,5170.4565225001,5157.44228087846,23.20364209822085,9934,29569.74287415205,0,0,0,0,0,0,56.120516810829564,,,,,,,,
1773205200,5204.4,5208.535,5190.705,5199.84,5171.60881573539,5157.864148730416,22.8198105197765,21236,28776.05307661376,0,0,0,0,0,0,54.130935242057426,,,,,,,,
1773208800,5199.57,5210.97,5191.53,5197.66,5172.63043080459,5158.260127350014,22.578395482649643,25532,28467.09564074578,0,0,0,0,0,0,53.20261910936175,,,,,,,,
1773212400,5197.655,5202.28,5184.56,5195.845,5173.540806067155,5158.634106182352,22.231367233888907,22372,27886.610341627136,0,0,0,0,0,0,52.39694181190643,,,,,,,,
1773216000,5195.825,5198.695,5175.35,5187.695,5174.095872495895,5158.923269304916,22.31091243146822,19591,27096.552213853123,0,0,0,0,0,0,48.82169038667679,,,,,,,,
1773219600,5187.67,5197.145,5179.63,5187.66,5174.627799064683,5159.209206923772,21.968347257791944,18494,26277.261526819493,0,0,0,0,0,0,48.80628858413828,,,,,,,,
1773223200,5187.88,5195.425,5177.23,5186.155,5175.079846160185,5159.477324267815,21.69882245366399,16478,25343.998524265255,0,0,0,0,0,0,48.10355764441236,,,,,,,,
1773226800,5186.22,5193.67,5175.87,5181.415,5175.328283565668,5159.695609598483,21.420335135545145,17460,24593.14152195428,0,0,0,0,0,0,45.86375661103237,,,,,,,,
1773230400,5181.38,5197.175,5166.835,5167.53,5175.022468523877,5159.773563731832,22.05745405443479,32253,25322.65185319673,0,0,0,0,0,0,39.98976500709344,39.98976500709344,,39.98976500709344,,,,,
1773234000,5167.48,5183.185,5149.155,5176.855,5175.094332503333,5159.943528271814,22.912635907689495,55937,28238.304057654183,0,0,0,0,0,0,45.077255042716224,,,,,,,,
1773237600,5176.86,5196.315,5174.565,5183.38,5175.419260640458,5160.176726995478,22.829590485711673,58617,31131.513195020452,0,0,0,0,0,0,48.37526839721202,,,,,,,,
1773241200,5183.39,5185.9,5164.075,5166.605,5175.07360336044,5160.240689910946,22.757834022446538,45296,32480.51193835184,0,0,0,0,0,0,41.47925877741291,,,,,,,,
1773244800,5166.51,5178.15,5163.81,5175.77,5175.100913032579,5160.395210409344,22.156560163700302,53788,34509.796515651666,0,0,0,0,0,0,46.0078172527092,,,,,,,,
1773248400,5175.84,5181.115,5154.985,5169.845,5174.894798796007,5160.489238166465,22.44037729486457,46929,35692.57779987532,0,0,0,0,0,0,43.65584019307521,,,,,,,,
1773252000,5169.885,5178.395,5169.355,5172.555,5174.803041980477,5160.609295498142,21.483207488088592,31046,35250.046580839575,0,0,0,0,0,0,45.03977481729623,,,,,,,,
1773255600,5172.605,5183.76,5169.375,5183.29,5175.135863863596,5160.834974149902,20.97619266751085,28504,34607.56595409295,0,0,0,0,0,0,50.25239722878264,,,,,50.25239722878264,,50.25239722878264,
1773259200,5183.215,5183.595,5175.265,5176.48,5175.188575084631,5160.990646048908,20.07289319126007,7384,32014.845387036476,0,0,0,0,0,0,47.19446023162553,,,,,,,,
1773266400,5178.045,5178.32,5129.83,5139.13,5173.774513316606,5160.77312718275,22.10268653474148,21221,30986.86011208062,0,0,0,0,0,0,34.71666349267686,,,,,,,,
1773270000,5139.14,5157.94,5133.295,5134.6,5172.238257892425,5160.512698056553,22.28428035368848,34106,31283.921053787228,0,0,0,0,0,0,33.55779906531899,33.55779906531899,,33.55779906531899,,,,,
1773273600,5134.61,5161.6,5125.64,5153.205,5171.491855622134,5160.439984643055,23.261117471282166,37181,31845.547620093206,0,0,0,0,0,0,42.1054793614319,,,,,,,,
1773277200,5153.2,5173.16,5151.435,5168.835,5171.38766520558,5160.523517134169,23.151394794761973,52489,33811.59070389385,0,0,0,0,0,0,48.141344154412685,,,,,,,,
1773280800,5168.705,5175.15,5145.935,5150.88,5170.583443040655,5160.4275617398,23.584509452278922,43512,34735.439208284915,0,0,0,0,0,0,42.64155333338084,,,,,,,,
1773284400,5150.955,5155.82,5147.405,5153.155,5169.899974686119,5160.355197941394,22.500973062830422,24873,33796.15928368635,0,0,0,0,0,0,43.52196983863267,,,,,,,,
1773288000,5153.255,5154.02,5140.62,5142.7,5168.833309012153,5160.179524330037,21.850903558342573,9476,31479.953637620983,0,0,0,0,0,0,40.44921302687805,,,,,,,,
1773291600,5142.76,5157.93,5137.17,5154.675,5168.278081207755,5160.124752943668,21.772981875603836,23082,30680.148529276128,0,0,0,0,0,0,45.21987690078813,,,,,,,,
1773295200,5154.66,5170.39,5147.4,5166.32,5168.201293709412,5160.186397192984,21.85991174163218,23764,30021.467716964115,0,0,0,0,0,0,49.45997063555372,,,,,,,,
1773298800,5166.325,5185.23,5164.52,5182.385,5168.757517485514,5160.407278812954,21.777775188658392,18042,28880.5660296342,0,0,0,0,0,0,54.67240986059896,,,,,,,,
1773302400,5182.38,5189.86,5175.88,5178.22,5169.12859523118,5160.58451981979,21.22079124661133,19235,27961.940693478562,0,0,0,0,0,0,53.14215545291762,,,,,,,,
1773306000,5178.205,5190.5,5174.43,5188.385,5169.883748359369,5160.861141513125,20.852877586139073,17860,26999.85110362346,0,0,0,0,0,0,56.35305234809557,,,,,56.35305234809557,,56.35305234809557,
1773309600,5188.35,5191.79,5175.965,5182.47,5170.377326855079,5161.076155030408,20.493743472843413,19019,26239.770046135513,0,0,0,0,0,0,54.03280842724472,,,,,,,,
1773313200,5182.445,5183.87,5172.875,5179.15,5170.7213532529195,5161.255994283836,19.815261796211733,16702,25331.410994122605,0,0,0,0,0,0,52.720712792936105,,,,,,,,
1773316800,5179.18,5185.875,5163.685,5181.625,5171.148947243001,5161.458670957629,19.98488595362515,36072,26354.324232777595,0,0,0,0,0,0,53.62481066684685,,,,,,,,
1773320400,5181.575,5186.145,5146.085,5151.45,5170.376439507982,5161.3590821918815,21.41882267122338,57612,29331.245734417826,0,0,0,0,0,0,42.863029642302344,,,,,,,,
1773324000,5151.48,5163.72,5138.475,5142.92,5169.299716390022,5161.175608737236,21.692121051850275,52139,31503.412807330413,0,0,0,0,0,0,40.395096100248324,,,,,,,,
1773327600,5142.71,5144.99,5109.85,5132.485,5167.856002021786,5160.890130043334,22.652683833860927,57028,33934.32587329894,0,0,0,0,0,0,37.547004235619994,,,,,,,,
1773331200,5132.485,5138.175,5121.23,5123.55,5166.118511746421,5160.518586460813,22.244992131442334,51748,35630.86626631809,0,0,0,0,0,0,35.25491358879579,,,,,,,,
1773334800,5123.495,5129.87,5102.615,5105.485,5163.740726972052,5159.970988585581,22.602849836339317,66258,38547.736145716364,0,0,0,0,0,0,31.118674120309947,,,,,,,,
1773338400,5105.49,5112.84,5090.885,5094.49,5161.025012188834,5159.319436460351,22.55657484802936,53243,39947.28508421957,0,0,0,0,0,0,28.89652314414718,,,,,,,,
1773342000,5094.48,5097.005,5079.37,5084.985,5158.043050926527,5158.579790326417,22.20503378745585,47543,40670.686504770085,0,0,0,0,0,0,27.095220299494486,,,,,,,,
1773345600,5085.02,5090.925,5055.125,5079.255,5154.953323439212,5157.790488930134,23.176102802637587,22324,38923.38302812532,0,0,0,0,0,0,26.041339138395657,26.041339138395657,,26.041339138395657,,,,,
1773352800,5083.865,5096.33,5077.79,5096.03,5152.642604872968,5157.1759567019735,22.844952602449187,11461,36307.91797782767,0,0,0,0,0,0,34.12009541874052,,,,,,,,
1773356400,5096.055,5101.35,5088.97,5098.13,5150.504855662263,5156.58843474474,22.097455987988535,16465,34418.1162656536,0,0,0,0,0,0,35.076190126163425,,,,,,,,
1773360000,5098.135,5115.4,5097.48,5113.78,5149.0646652441355,5156.1624801701655,21.79906627456079,15111,32579.343287972308,0,0,0,0,0,0,41.84922330312795,,,,,,,,
1773363600,5113.95,5124.535,5108.72,5124.28,5148.092717587503,5155.8452415615075,21.37163296923499,33528,32669.69154626066,0,0,0,0,0,0,45.92521811547333,,,,,45.92521811547333,,45.92521811547333,
1773367200,5124.35,5128.475,5110.455,5112.245,5146.686924740934,5155.411408312139,21.132230614289664,20486,31509.33997042631,0,0,0,0,0,0,42.26815176536874,,,,,,,,
1773370800,5112.225,5116.735,5106.42,5115.76,5145.474104162859,5155.016866935899,20.359571284697516,16000,30032.259973242853,0,0,0,0,0,0,43.67879588089539,,,,,,,,
1773374400,5115.62,5118.175,5102.825,5104.59,5143.870805960393,5154.51510706589,20.001744764362005,8430,27974.901880553058,0,0,0,0,0,0,40.30819107264212,,,,,,,,
1773378000,5104.82,5111.26,5098.415,5103.175,5142.274892001162,5154.004260229413,19.490548709764738,19489,27166.720749071814,0,0,0,0,0,0,39.88826745440354,,,,,,,,
1773381600,5103.165,5107.94,5085.665,5088.34,5140.1597981971945,5153.350884505738,19.68943808763866,37428,28143.985439636403,0,0,0,0,0,0,35.690266108211844,,,,,,,,
1773385200,5088.18,5094.265,5071.935,5085.47,5138.0151002286775,5152.675452819113,19.878049652807324,22755,27630.748731099604,0,0,0,0,0,0,34.92448190734618,34.92448190734618,,34.92448190734618,,,,,
1773388800,5085.465,5088.19,5061.72,5087.55,5136.036076690298,5152.027438363201,20.348903249035324,26593,27531.91551861393,0,0,0,0,0,0,35.996316347171145,,,,,,,,
1773392400,5087.485,5097.165,5083.36,5089.755,5134.2211325063645,5151.407812110831,19.881481588389963,15484,26384.49499303165,0,0,0,0,0,0,37.17760092117009,,,,,,,,
1773396000,5089.675,5098.375,5079.94,5094.965,5132.681676329645,5150.846192089828,19.778161474933565,12794,25090.162136552444,0,0,0,0,0,0,39.995634869556014,,,,,,,,
1773399600,5095.065,5107.995,5086.385,5107.835,5131.707296865737,5150.4182200292325,19.90900708386686,15141,24142.622885452212,0,0,0,0,0,0,46.39270489370744,,,,,,,,
1773403200,5107.84,5122.01,5104.365,5118.3,5131.181520518061,5150.098635750334,19.747292292162115,29732,24674.944515409145,0,0,0,0,0,0,50.96996731078584,,,,,50.96996731078584,,50.96996731078584,
1773406800,5118.335,5121.265,5096.57,5102.24,5130.046558929117,5149.622430419485,20.10069998557915,34087,25571.330752036843,0,0,0,0,0,0,44.66681381658865,,,,,,,,
1773410400,5102.21,5108.135,5035.535,5042.025,5126.594733088759,5148.551809221281,23.850649986609238,66334,29453.489728033335,0,0,0,0,0,0,29.79118941909168,,,,,,,,
1773414000,5042.03,5071.505,5031.015,5034.925,5122.999841595082,5147.421194204154,25.039174987565705,67777,33103.34784917302,0,0,0,0,0,0,28.58246244855836,,,,,,,,
1773417600,5034.775,5053.25,5019.2,5046.045,5119.982004669785,5146.412475853864,25.682805345596737,53093,35007.124244489874,0,0,0,0,0,0,33.15680508143011,,,,,,,,
1773421200,5045.955,5064.08,5043.555,5046.465,5117.098984878813,5145.417973606562,25.314390678054085,55955,37002.16003072893,0,0,0,0,0,0,33.33049724393685,,,,,,,,
1773424800,5046.445,5051.88,5036.26,5046.655,5114.336475667879,5144.435257451272,24.621934201050212,47942,38044.04955161189,0,0,0,0,0,0,33.414789910111566,,,,,,,,
1773428400,5046.67,5049.965,5009.745,5016.735,5110.508966818158,5143.1646081233985,25.736081758118072,52150,39387.47340383933,0,0,0,0,0,0,27.51513180928562,,,,,,,,
1773432000,5016.77,5025.645,5012.505,5020.6,5106.983124982152,5141.945059783862,24.83636163253823,16889,37244.761651092726,0,0,0,0,0,0,29.25281213202075,,,,,,,,
1773612000,5014.955,5031.005,5000.91,5024.97,5103.76692400246,5140.781128840739,25.21197865878552,25178,36095.54625575056,0,0,0,0,0,0,31.259374358397935,,,,,,,,
1773615600,5025.05,5026.335,4967.775,4997.655,5099.605672080795,5139.356988255259,27.59398018315801,49936,37413.68470758384,0,0,0,0,0,0,26.24812331589966,26.24812331589966,,26.24812331589966,,,,,
1773619200,4997.64,5030.98,4996.69,5026.005,5096.719371214881,5138.229107775107,28.072267312932436,49565,38570.95283067109,0,0,0,0,0,0,37.45522810570021,,,,,,,,
1773622800,5026.02,5026.66,4982.675,5016.355,5093.56782724567,5137.016430085802,29.208891076294382,77902,42316.766846797655,0,0,0,0,0,0,35.47894142438243,,,,,,,,
1773626400,5016.3,5019.065,4997.895,5003.67,5090.042422255644,5135.689599935695,28.634684570844723,40895,42181.36048043597,0,0,0,0,0,0,33.01306564641935,,,,,,,,
1773630000,5003.61,5021.01,4998.21,5019.165,5087.262915500521,5134.530151180115,28.21792138721297,26248,40663.89757753731,0,0,0,0,0,0,38.624588671916634,,,,,,,,
1773633600,5019.15,5026.505,5012.575,5013.05,5084.352605088736,5133.32139345693,27.19735557384064,11316,37868.85971300995,0,0,0,0,0,0,37.29673261869441,,,,,,,,
1773637200,5013.045,5020.37,5003.41,5017.59,5081.734463712707,5132.16983730313,26.46611588999488,26530,36788.96831177091,0,0,0,0,0,0,38.97416467341741,,,,,,,,
1773640800,5017.57,5036.01,5005.405,5012.3,5079.0115435671105,5130.977102603597,26.761750469280994,31623,36296.97132969749,0,0,0,0,0,0,37.708331184336224,,,,,,,,
1773644400,5012.57,5016.59,4991.895,4995.615,5075.741090878204,5129.630216010526,26.614125435760904,28398,35544.68834591677,0,0,0,0,0,0,33.96167307341655,,,,,,,,
1773648000,4995.6,5003.63,4985.115,4991.305,5072.429871628078,5128.253845701964,26.03561647606372,33750,35373.76564630565,0,0,0,0,0,0,33.04821114527253,,,,,,,,
1773651600,4991.135,4991.805,4972.535,4975.565,5068.631249211291,5126.73455370493,25.552358156344916,30533,34912.74034665749,0,0,0,0,0,0,29.88672131310929,29.88672131310929,,29.88672131310929,,,,,
1773655200,4975.575,4999.69,4970.23,4998.95,5065.898651203005,5125.463065608363,25.83147543089171,25447,34011.24126602344,0,0,0,0,0,0,39.1937189715578,,,,,,,,
1773658800,4998.91,5022.825,4992.78,4997.31,5063.208900175437,5124.187910726688,26.132441471542307,28262,33463.694478783116,0,0,0,0,0,0,38.804687553354015,,,,,,,,
1773662400,4997.335,5025.585,4994.55,5020.06,5061.516786443067,5123.151812112492,26.482624223574987,36249,33728.96167127996,0,0,0,0,0,0,46.707101570693375,,,,,,,,
1773666000,5020.055,5034.53,5013.885,5029.94,5060.278481092359,5122.224331394955,26.06565106474817,52808,35546.01294068187,0,0,0,0,0,0,49.742414486460184,,,,,49.742414486460184,,49.742414486460184,
1773669600,5029.88,5038.145,4988.09,4996.065,5057.7603053632465,5120.969014664657,27.779175988694753,58050,37689.24980347407,0,0,0,0,0,0,41.099212336437645,,,,,,,,
1773673200,4996.07,5005.91,4983.89,4987.095,5054.989116917629,5119.63693491675,27.36780627521652,38821,37797.03553647654,0,0,0,0,0,0,39.15888097272112,,,,,,,,
1773676800,4987.07,4998.8,4974.235,4990.74,5052.469543705173,5118.354378350414,27.167605826986804,48104,38778.65119966925,0,0,0,0,0,0,40.390420168687704,,,,,,,,
1773680400,4990.78,5003.9,4984.015,4991.265,5050.069365520657,5117.089807421554,26.6474196964877,55631,40383.63679970075,0,0,0,0,0,0,40.57699459399587,,,,,,,,
1773684000,4991.26,5017.905,4990.045,5012.92,5048.612527657102,5116.053291924822,26.734032575309982,40181,40364.338056872104,0,0,0,0,0,0,47.830329254361324,,,,,,,,
1773687600,5012.935,5020.465,5008.235,5013.085,5047.219291278392,5115.028731806166,25.69803024850216,40552,40382.21062288428,0,0,0,0,0,0,47.88253001929888,,,,,,,,
1773691200,5013.08,5021.835,5004.8,5006.565,5045.625005345906,5113.949490693667,25.079242373609137,9996,37488.285801657206,0,0,0,0,0,0,45.926953801404316,,,,,,,,
1773698400,5011.11,5016.185,4998.685,5002.525,5043.934809057831,5112.84078929373,24.537867918351342,14338,35283.49667768985,0,0,0,0,0,0,44.70850780496733,,,,,,,,
1773702000,5002.425,5015.61,5002.13,5012.93,5042.718934192819,5111.846652086828,23.748020209897643,14532,33307.16366076701,0,0,0,0,0,0,48.498220465498974,,,,,,,,
1773705600,5012.925,5014.2,4998.29,5003.03,5041.162505400944,5110.763899329745,23.188161623476372,31205,33106.957597836816,0,0,0,0,0,0,45.31567772483907,,,,,,,,
1773709200,5002.91,5028.195,4994.935,5027.965,5040.644956169534,5109.940029684673,23.90757865037087,46626,34394.48544566188,0,0,0,0,0,0,53.57846867724941,,,,,,,,
1773712800,5027.935,5029.98,5019.85,5022.815,5039.945742202101,5109.073113966418,22.923465889630034,29902,33966.629688932175,0,0,0,0,0,0,51.83633778359999,,,,,,,,
1773716400,5022.77,5033.76,5020.93,5027.74,5039.467085645157,5108.263829250334,22.20250404037074,19536,32592.28400427197,0,0,0,0,0,0,53.39692744452194,,,,,,,,
1773720000,5027.72,5042.185,5026.185,5038.05,5039.411513659072,5107.565184183167,21.759468037487117,18510,31251.11409910321,0,0,0,0,0,0,56.56942922324705,,,,,56.56942922324705,,56.56942922324705,
1773723600,5038.045,5044.9,5020.12,5020.83,5038.682826848912,5106.702147524627,21.975220320523732,32775,31396.24608966481,0,0,0,0,0,0,50.39832866831988,,,,,,,,
1773727200,5020.92,5023.065,5005.04,5010.09,5037.561539521504,5105.740832623885,21.69306172620058,40716,32283.841700172925,0,0,0,0,0,0,46.957658241797134,,,,,,,,
1773730800,5010.115,5028.2,5009.18,5021.46,5036.930106599092,5104.902217373896,21.50212874575765,19223,31039.95201444217,0,0,0,0,0,0,50.78801061346857,,,,,,,,
1773734400,5021.455,5029.625,5018.685,5024.95,5036.460298497167,5104.106672922414,20.747690978203504,21272,30109.670870209582,0,0,0,0,0,0,51.93534888121284,,,,,,,,
1773738000,5024.905,5026.055,5010.165,5010.52,5035.443031889435,5103.175462246569,20.400713051188994,19772,29125.13078733248,0,0,0,0,0,0,47.05091516929693,,,,,,,,
1773741600,5010.505,5016.615,4992.06,5000.415,5034.069383580045,5102.152970084911,20.69744783324688,27106,28932.83261711034,0,0,0,0,0,0,43.93479336684822,,,,,,,,
1773745200,5000.4,5011.635,4996.925,5003.375,5032.86568226318,5101.170104710932,20.26977298801496,16974,27793.896177385544,0,0,0,0,0,0,45.082153939156655,,,,,,,,
1773748800,5003.38,5023.935,4999.485,5011.905,5032.0436947234475,5100.2818947138085,20.56836063172823,24841,27512.667970015493,0,0,0,0,0,0,48.361747570279825,,,,,,,,
1773752400,5011.9,5031.59,5005.59,5016.755,5031.444138067626,5099.450781333571,20.956334872319072,41711,28864.890068109256,0,0,0,0,0,0,50.18336963439281,,,,,,,,
1773756000,5016.745,5020.675,5002.965,5007.78,5030.51613265321,5098.538634255625,20.72445381001057,49389,30819.567204479805,0,0,0,0,0,0,46.887136972812414,,,,,,,,
1773759600,5007.73,5017.65,4973.72,4997.98,5029.2402058824955,5097.538050830196,22.381992823581196,52091,32845.4179469103,0,0,0,0,0,0,43.5253038448185,43.5253038448185,,43.5253038448185,,,,,
1773763200,4998.005,5006.03,4991.705,5002.06,5028.174315455731,5096.588020473677,21.806493336182523,41764,33694.80671387122,0,0,0,0,0,0,45.284254003021104,,,,,,,,
1773766800,5002.05,5008.8,4996.695,5002.56,5027.169832496683,5095.6524182799085,21.113529526455235,35716,33887.30131255015,0,0,0,0,0,0,45.5082421172033,,,,,,,,
1773770400,5002.57,5009.21,4999.935,5003.89,5026.256897888969,5094.739359391551,20.267920274565547,27914,33318.415473259665,0,0,0,0,0,0,46.13984854172608,,,,,,,,
1773774000,5003.885,5005.75,4996.445,5000.405,5025.243097971755,5093.800709049347,19.48485454066803,32470,33237.61399961589,0,0,0,0,0,0,44.67851199400914,,,,,,,,
1773777600,5000.445,5006.645,5000,5005.725,5024.477682365019,5092.924333834925,18.567722073477487,6718,30711.936475842947,0,0,0,0,0,0,47.4164134891037,,,,,47.4164134891037,,47.4164134891037,
1773784800,5001.96,5005.27,4993.39,4999.865,5023.512479135018,5091.99837031418,18.12252763965767,7324,28484.513954334096,0,0,0,0,0,0,44.78707022938047,,,,,,,,
1773788400,4999.915,5003.82,4999,5002.9,5022.704146619919,5091.11181936578,17.172347093967815,5866,26330.369768207038,0,0,0,0,0,0,46.443512979015686,,,,,,,,
1773792000,5002.885,5012.24,5000.315,5004.32,5021.983199693647,5090.248219173086,16.79753658725584,15196,25269.95359980637,0,0,0,0,0,0,47.24104142837926,,,,,,,,
1773795600,5004.3,5016.29,4991.455,4998.785,5021.073466372328,5089.338137390269,17.37164111673757,39840,26657.577066491478,0,0,0,0,0,0,44.46174680481804,,,,,,,,
1773799200,4998.83,5007.105,4990.615,4992.025,5019.934310828315,5088.369847465988,17.3086667512563,30266,27001.23639349229,0,0,0,0,0,0,41.26839711171569,,,,,,,,
1773802800,4992,4997.6,4986.305,4991.57,5018.821984913478,5087.406664904137,16.879119126166568,24315,26745.404356016836,0,0,0,0,0,0,41.05466398253562,,,,,,,,
1773806400,4991.575,4993.66,4981.83,4987.2,5017.581907073734,5086.40958366131,16.51846776001181,13150,25450.60394115809,0,0,0,0,0,0,38.96724937769754,38.96724937769754,,38.96724937769754,,,,,
1773810000,4987.17,5002.845,4984.8,4997.745,5016.8039891492745,5085.527348998013,16.62750577715383,25469,25452.35594676208,0,0,0,0,0,0,46.0902555316267,,,,,,,,
1773813600,4997.74,5016.53,4996.19,5009.51,5016.517950359107,5084.770957465694,16.892683935928567,27636,25660.322047070455,0,0,0,0,0,0,52.720148415700145,,,,,52.720148415700145,,52.720148415700145,
1773817200,5009.64,5015.14,4990.515,4995.195,5015.681756227377,5083.879654406333,17.444992226219384,18688,24996.291375920886,0,0,0,0,0,0,45.403492910916526,,,,,,,,
1773820800,4995.175,4997.115,4977.455,4987.645,5014.582275591009,5082.922095656022,17.6032070672037,25940,25086.168387737944,0,0,0,0,0,0,42.08597229242098,,,,,,,,
1773824400,4987.645,4995.85,4984.87,4992.265,5013.707088312931,5082.020035002728,17.13012084811776,13931,24023.77139842957,0,0,0,0,0,0,44.74647709237884,,,,,,,,
1773828000,4992.27,4992.27,4958.83,4967.955,5011.912888771248,5080.885059530064,18.29511221610938,27079,24314.745550960088,0,0,0,0,0,0,35.504053258928835,,,,,,,,
1773831600,4968.07,4974.135,4924.88,4930.25,5008.710422544924,5079.3862032163315,20.506532772101576,53974,27139.436450868652,0,0,0,0,0,0,26.396962626766623,,,,,,,,
1773835200,4930.305,4932.645,4870.87,4881.815,5003.734131464731,5077.4203205972635,23.454280431237216,83392,32496.823455547827,0,0,0,0,0,0,19.483287082998118,,,,,,,,
1773838800,4881.78,4885.69,4834.38,4878.61,4998.82730277984,5075.442108452017,25.443974686148806,120429,40871.31645978137,0,0,0,0,0,0,19.12631056148757,,,,,,,,
1773842400,4878.655,4894.67,4856.795,4869.76,4993.765839925728,5073.395520308216,26.331905065709606,76973,44309.572035040284,0,0,0,0,0,0,18.138057608680896,,,,,,,,
1773846000,4869.885,4880.27,4861.29,4862.57,4988.62090502668,5071.29775393699,25.80676898958753,36705,43585.32707932216,0,0,0,0,0,0,17.35355277936233,17.35355277936233,,17.35355277936233,,,,,
1773849600,4862.52,4890.485,4861.085,4886.95,4984.633810711908,5069.463447927667,26.063428347474108,40353,43277.486405101,0,0,0,0,0,0,28.62636234601038,,,,,,,,
1773853200,4887,4899.165,4883.97,4891.045,4980.963661272225,5067.688139988089,25.287112036940222,45852,43522.678176043766,0,0,0,0,0,0,30.344926019160937,,,,,30.344926019160937,,30.344926019160937,
1773856800,4891.05,4899.46,4852.505,4853.17,4975.952145143902,5065.553631132486,26.834818320015916,75810,46597.66120689674,0,0,0,0,0,0,24.474985966535684,,,,,,,,
1773860400,4853.155,4865.6,4838.35,4843.285,4970.749512001004,5063.342002962014,26.864474154300495,72920,49104.550615763714,0,0,0,0,0,0,23.212908926652972,,,,,,,,
1773864000,4843.25,4848.94,4806.845,4818.415,4964.775609569592,5060.904918355426,27.9523688575647,27623,47058.68865235765,0,0,0,0,0,0,20.367268636955927,,,,,,,,
1773871200,4824.645,4839.135,4804.225,4834.57,4959.66950723353,5058.652829615571,28.449342510595784,29951,45429.38497118073,0,0,0,0,0,0,26.65690486049604,,,,,,,,
1773874800,4834.66,4842.39,4828.435,4836.84,4954.852663812607,5056.445736783576,27.41403233126751,27012,43675.348307258755,0,0,0,0,0,0,27.52314210154006,,,,,,,,
1773878400,4836.855,4848.87,4835.475,4841.38,4950.402755427799,5054.30577920364,26.412672879034083,33659,42721.41037323411,0,0,0,0,0,0,29.32111033610326,,,,,,,,
1773882000,4841.385,4867.225,4832.995,4849.94,4946.4630395286695,5052.272288863305,26.97105338767454,55015,43892.2284329261,0,0,0,0,0,0,32.710582128082464,,,,,,,,
1773885600,4849.915,4862.325,4841.49,4858.82,4943.026057586369,5050.347390466655,26.532763859983504,40524,43571.444772647425,0,0,0,0,0,0,36.13232444333032,,,,,36.13232444333032,,36.13232444333032,
1773889200,4858.77,4866.21,4850.84,4851,4939.417192582981,5048.363834342609,25.73542358427039,28294,42116.45003239529,0,0,0,0,0,0,34.46998359531685,,,,,,,,
1773892800,4851.01,4853.995,4845.84,4849.87,4935.905537971884,5046.388771314325,24.47967904253677,16444,39671.45479121478,0,0,0,0,0,0,34.22495126645697,,,,,,,,
1773896400,4849.86,4853.885,4827.125,4827.63,4931.659438443575,5044.212067122143,24.642559110927014,39848,39688.2686206229,0,0,0,0,0,0,29.74352934633106,,,,,,,,
1773900000,4827.62,4842.41,4747.72,4763.695,4925.072597720297,5041.420852523913,29.64594774586077,77045,43246.05256151596,0,0,0,0,0,0,21.164058272776884,,,,,,,,
1773903600,4763.54,4784.595,4727.25,4728.095,4917.347986044992,5038.303182349546,31.624451478299306,52853,44160.999936609674,0,0,0,0,0,0,18.04317829799774,,,,,,,,
1773907200,4728.065,4740.49,4686.885,4709.635,4909.20237874911,5035.032852176913,33.194490658420754,90993,48621.19041883732,0,0,0,0,0,0,16.67042886595776,,,,,,,,
1773910800,4709.64,4726.02,4687.79,4699.21,4900.967383504047,5031.69133125973,33.55416989710502,95387,53075.07704561472,0,0,0,0,0,0,15.933187087747896,,,,,,,,
1773914400,4699.2,4719.865,4666.81,4679.225,4892.27160375879,5028.184203585503,34.94708633302604,72715,54945.54589841332,0,0,0,0,0,0,14.600175249453173,,,,,,,,
1773918000,4679.26,4699.63,4651.16,4651.885,4882.844678121191,5024.43993290306,35.91300873780991,67725,56162.6367652311,0,0,0,0,0,0,12.998075846664875,,,,,,,,
1773921600,4651.84,4654.25,4531.275,4574.815,4870.765082900752,5019.966052973677,42.131722399394945,123954,62618.95707330433,0,0,0,0,0,0,9.750104482943186,9.750104482943186,,9.750104482943186,,,,,
1773925200,4574.745,4621.305,4502.365,4620.99,4860.969981610526,5015.996141998814,47.61802794229534,184717,74247.34211394201,0,0,0,0,0,0,22.28061358866492,,,,,,,,
1773928800,4621.025,4649.31,4581.345,4601.82,4850.807237233643,5011.874986357035,49.071383089274256,164708,82862.64286499516,0,0,0,0,0,0,20.97836600869499,,,,,,,,
1773932400,4601.83,4639.055,4566.19,4596.475,4840.833424008794,5007.741653159453,50.770927154326145,130483,87397.91497309085,0,0,0,0,0,0,20.616545983663144,,,,,,,,
1773936000,4596.46,4626.865,4576.99,4584.95,4830.798779930018,5003.534771038463,50.70693235758856,107966,89356.78021374886,0,0,0,0,0,0,19.822655348403813,,,,,,,,
1773939600,4584.94,4630.01,4573.915,4616.175,4822.3821611092335,4999.680444958479,51.09179433204655,103335,90688.03924101088,0,0,0,0,0,0,27.921058094164977,,,,,,,,
1773943200,4616.205,4623.24,4596.115,4623.1,4814.567174399068,4995.933375854414,49.379880451186075,80684,89735.27359900984,0,0,0,0,0,0,29.61893251569714,,,,,,,,
1773946800,4623.13,4663.63,4623.095,4644.06,4807.880618540281,4992.432148233973,48.74810327610135,127215,93304.77135148509,0,0,0,0,0,0,34.63752396763509,,,,,,,,
1773950400,4644.04,4662.08,4643.07,4650.72,4801.717457028897,4989.032027356023,46.62395304209412,26043,86898.88836562936,0,0,0,0,0,0,36.19439437033859,,,,,,,,
1773957600,4659.99,4677.205,4636.27,4636.455,4795.236576361097,4985.523798228102,46.21759925337307,28718,81357.85137842657,0,0,0,0,0,0,34.30936188964341,,,,,,,,
1773961200,4636.465,4648.355,4634.355,4643.815,4789.298475327329,4982.123710683544,43.91634216384642,26153,76100.24648524309,0,0,0,0,0,0,36.15685372153714,,,,,,,,
1773964800,4643.745,4665.1,4642.16,4648.745,4783.7865743341,4978.806509582216,42.418032009285994,32930,71988.79443902946,0,0,0,0,0,0,37.42632963376043,,,,,,,,
1773968400,4648.74,4699.53,4639.42,4677.3,4779.610630242567,4975.806444810253,43.68174400862269,71832,71973.86163531237,0,0,0,0,0,0,44.33100823113587,,,,,,,,
1773972000,4677.355,4703.785,4670.575,4698.5,4776.429821213446,4973.047176702688,42.933762293721074,50632,69941.30338433024,0,0,0,0,0,0,48.84421251716816,,,,,,,,
1773975600,4698.47,4736.175,4693.225,4725.93,4774.449436067821,4970.588299322562,42.93492212988384,44533,67521.46496677498,0,0,0,0,0,0,54.0365067424302,,,,,54.0365067424302,,54.0365067424302,
1773979200,4725.935,4727.725,4715.145,4721.82,4772.385536614181,4968.112992861641,40.766713406320704,17626,62769.51592232022,0,0,0,0,0,0,53.16574937651228,,,,,,,,
1773982800,4721.845,4723.835,4685.6,4688.335,4769.089437139115,4965.329132236152,40.585876734440625,44381,61018.22869162306,0,0,0,0,0,0,46.58003533060678,,,,,,,,
1773986400,4688.34,4701.16,4661.305,4669.22,4765.172988623855,4962.382772711414,40.53367125340912,54566,60403.730720992295,0,0,0,0,0,0,43.2838932086172,,,,,,,,
1773990000,4669.195,4707.915,4667.95,4706.43,4762.869342011155,4959.835978953091,40.493051878165616,29337,57444.99446185017,0,0,0,0,0,0,50.61061623460301,,,,,,,,
1773993600,4706.435,4734.96,4684.805,4693.85,4760.162701147972,4957.189352296842,41.1831910297252,36890,55487.37594167396,0,0,0,0,0,0,48.33714225564886,,,,,,,,
1773997200,4693.855,4700.65,4660.06,4667.73,4756.537889338248,4954.309159736675,41.14082024188763,39881,54001.0544234193,0,0,0,0,0,0,43.92511224951973,,,,,,,,
1774000800,4667.755,4670.2,4638.195,4645.465,4752.182089756356,4951.236083520389,40.48826165318138,51749,53786.57304976032,0,0,0,0,0,0,40.529176417541144,,,,,,,,
1774004400,4645.405,4674.29,4637.245,4671.9,4749.0337725110085,4948.456620002773,40.242314392239855,47582,53195.66133073553,0,0,0,0,0,0,45.87915970131597,,,,,,,,
1774008000,4671.915,4695.705,4661.81,4678.445,4746.265585353714,4945.769937216675,39.788934792794116,75907,55358.645965903575,0,0,0,0,0,0,47.146910436474656,,,,,,,,
1774011600,4678.42,4679.615,4613.025,4616.64,4741.182229065334,4942.495012468251,41.703296593308835,125430,62032.10825486514,0,0,0,0,0,0,38.07653263683095,,,,,,,,
1774015200,4616.555,4622.74,4548.035,4563.96,4734.232337729438,4938.728494931253,44.060561122358195,156787,71056.3836591637,0,0,0,0,0,0,32.361624078536806,,,,,,,,
1774018800,4563.935,4580.43,4540.785,4553.61,4727.149108798872,4934.896470106067,43.74516389933264,117293,75459.87092971953,0,0,0,0,0,0,31.365566831180715,,,,,,,,
1774022400,4553.27,4614.065,4552.04,4583.105,4721.5003202185235,4931.396057468195,45.050866477951715,101490,77938.93084117482,0,0,0,0,0,0,37.28921134084039,,,,,,,,
1774026000,4583.155,4600.885,4554.785,4573.675,4715.703248837405,4927.836643961049,45.125804586669474,106662,80674.4612372534,0,0,0,0,0,0,36.21309180021481,,,,,,,,
1774029600,4573.685,4578.685,4477.54,4500.025,4707.245278294762,4923.57981168283,49.12717568762169,103920,82888.32207180069,0,0,0,0,0,0,29.139956570629934,,,,,,,,
1774033200,4500.05,4517,4485.51,4501.73,4699.185855616536,4919.3823011188215,47.86737742422012,126626,87053.81520781967,0,0,0,0,0,0,29.483336122131462,,,,,,,,
1774036800,4501.81,4514.81,4493.66,4497.48,4691.275822062947,4915.184268271868,45.95899332249015,45558,83101.83280707494,0,0,0,0,0,0,29.104731559863822,,,,,,,,
1774216800,4472.24,4536.415,4471.95,4498.255,4683.7063780604785,4911.035718338814,47.28085094231229,36460,78659.75349211543,0,0,0,0,0,0,29.283063901113437,,,,,,,,
1774220400,4498.28,4511.11,4452.08,4464.8,4675.121814214969,4906.595561937433,48.120075875004254,45031,75457.01506429492,0,0,0,0,0,0,26.21726124117187,,,,,,,,
1774224000,4464.98,4473.16,4319.92,4354.325,4662.541546990853,4901.100332465418,55.62864188393251,129359,80590.53743912397,0,0,0,0,0,0,19.104347404350875,19.104347404350875,19.104347404350875,19.104347404350875,,,,,
1774227600,4354.13,4454.51,4330.325,4388.005,4651.775407893172,4895.994906271732,60.52552460650879,163215,88459.53387349311,0,0,0,0,0,0,25.720729980167036,,,,,,,,
1774231200,4387.985,4422.36,4354.68,4360.86,4640.366960524812,4890.670180836193,61.03655856318669,119534,91419.00683792234,0,0,0,0,0,0,24.01584258017084,,,,,,,,
1774234800,4360.865,4378.335,4334.795,4352.99,4629.097275798349,4885.320129285585,59.78680438010192,88255,91117.67285335831,0,0,0,0,0,0,23.528893571541687,,,,,,,,
1774238400,4352.99,4382.22,4349.91,4367.97,4618.856990472924,4880.172366805131,57.82417549580895,57324,87899.22781970513,0,0,0,0,0,0,26.580434722196415,,,,,26.580434722196415,,26.580434722196415,
1774242000,4367.92,4380.155,4302.165,4310.315,4606.757304572025,4874.5021442498555,59.26459153182258,91708,88261.96802735227,0,0,0,0,0,0,22.80802106157877,,,,,,,,
1774245600,4310.305,4310.52,4163.07,4220.705,4591.617998510376,4867.996700028464,65.56354927954959,153578,94482.54250093776,0,0,0,0,0,0,18.42992748419016,,,,,,,,
1774249200,4220.68,4232.57,4099.125,4204.44,4576.434547588401,4861.394145799325,70.41222433101031,163464,101052.20511989607,0,0,0,0,0,0,17.763418132913543,17.763418132913543,,17.763418132913543,,,,,
1774252800,4204.52,4270.955,4203.03,4251.44,4563.689663369248,4855.324950318734,70.23456545022387,126220,103449.13796562025,0,0,0,0,0,0,26.082206721810863,,,,,,,,
1774256400,4251.45,4308.625,4223.685,4254.29,4551.55634323712,4849.3445030518815,71.2849536323507,105924,103684.83911175166,0,0,0,0,0,0,26.567289971363124,,,,,,,,
1774260000,4254.27,4281.985,4241.165,4269.11,4540.4800160513505,4843.571025409574,69.10888551575421,80863,101511.33062491816,0,0,0,0,0,0,29.170270360915268,,,,,,,,
1774263600,4269.145,4463.725,4269.145,4379.43,4534.164329147376,4838.9527067487825,78.07360797891468,155293,106633.39437492596,0,0,0,0,0,0,44.84378879268527,,,,,,,,
1774267200,4379.465,4492.925,4336.29,4478.505,4531.981610357282,4835.366162403024,83.68513598042078,172936,112947.92824398063,0,0,0,0,0,0,54.56713132989471,,,,,54.56713132989471,,54.56713132989471,
1774270800,4478.51,4486.075,4401.76,4454.165,4528.929978578565,4831.5731160109535,83.73012626753356,194355,120700.98269693485,0,0,0,0,0,0,52.135509905078436,,,,,,,,
1774274400,4454.32,4513.165,4453.635,4462.075,4526.308214712739,4827.89651784169,82.00154581985258,173914,125768.88910675058,0,0,0,0,0,0,52.870527958012616,,,,,,,,
1774278000,4462.08,4487.385,4350.63,4363.87,4519.938088645573,4823.279338559683,85.91250683272027,187805,131677.0901442029,0,0,0,0,0,0,43.86439226936358,,,,,,,,
1774281600,4363.545,4391.925,4352.31,4375.79,4514.285222424178,4818.826708325259,82.60554205895451,171165,135437.84346380262,0,0,0,0,0,0,45.08711073859565,,,,,,,,
1774285200,4375.745,4439.245,4370.825,4426.225,4510.831880368328,4814.9202236653055,81.59228905474347,114882,133480.1440862976,0,0,0,0,0,0,50.045110477351066,,,,,,,,
1774288800,4426.32,4467.27,4402.185,4449.04,4508.408669373492,4811.279624424855,80.41319697940466,96213,129930.89226855498,0,0,0,0,0,0,52.14980489379083,,,,,,,,
1774292400,4448.88,4450.615,4392.99,4397.99,4504.078525476492,4807.167289853463,78.7854686237329,97421,126834.71205250212,0,0,0,0,0,0,47.34329858857044,,,,,,,,
1774296000,4398.325,4413.34,4382.855,4406.505,4500.252112712708,4803.1806004021855,75.33543515060917,32231,117824.83471416858,0,0,0,0,0,0,48.200875028182054,,,,,,,,
1774303200,4382.825,4431.365,4359.74,4426.855,4497.373794567112,4799.43606706485,75.0704040684228,37540,110178.65997948586,0,0,0,0,0,0,50.284757390140975,,,,,,,,
1774306800,4426.83,4448.355,4422.035,4441.245,4495.172665368402,4795.871976845299,71.58823234924972,40861,103576.97807667768,0,0,0,0,0,0,51.76255888183974,,,,,,,,
1774310400,4441.05,4446.785,4331.36,4364.59,4490.051776530425,4791.580613891615,74.71943003858904,90640,102344.8849265179,0,0,0,0,0,0,44.22161788871491,,,,,,,,
1774314000,4364.635,4374.555,4307.99,4322.56,4483.483471568447,4786.913742111599,74.13697075011842,117358,103774.70540970667,0,0,0,0,0,0,40.71886830920557,40.71886830920557,,40.71886830920557,,,,,
1774317600,4322.545,4379.465,4305.88,4365.94,4478.873923663802,4782.724948657752,74.09754426796711,114745,104819.49537068699,0,0,0,0,0,0,45.515762920964896,,,,,,,,
1774321200,4365.895,4368.22,4335.2,4347.5,4473.722005088751,4778.394352153695,71.16343396311234,75772,102053.06724014536,0,0,0,0,0,0,43.8899707240058,,,,,,,,
1774324800,4347.445,4357.36,4326.615,4333.595,4468.226828418604,4773.968487953161,68.27640296574717,51209,97210.77512203628,0,0,0,0,0,0,42.65275603757411,,,,,,,,
1774328400,4333.6,4374.06,4320.04,4347.69,4463.499893970816,4769.726910958601,67.25808846819383,89907,96515.17749136616,0,0,0,0,0,0,44.36477432700201,,,,,,,,
1774332000,4347.69,4405.26,4343.23,4402.56,4461.110094207254,4766.073508859511,66.8846535776086,97498,96608.77963504558,0,0,0,0,0,0,50.55330668657704,,,,,,,,
1774335600,4402.54,4433.31,4399.775,4417.305,4459.392247375597,4762.603175438024,64.50253546492233,89069,95890.70538408885,0,0,0,0,0,0,52.09539613467073,,,,,,,,
1774339200,4417.54,4421.165,4391.285,4412.02,4457.5345121843975,4759.114785632671,62.02949721742789,90524,95379.59058560421,0,0,0,0,0,0,51.47572723433269,,,,,,,,
1774342800,4411.975,4430.995,4395.97,4426.5,4456.317472490891,4755.805185775629,60.10060455904016,65245,92509.62957745143,0,0,0,0,0,0,53.12103308405821,,,,,,,,
1774346400,4426.61,4441.73,4414.79,4438.67,4455.62541474615,4752.649611787812,57.73198994768012,60025,89415.85533197987,0,0,0,0,0,0,54.5169010900562,,,,,54.5169010900562,,54.5169010900562,
1774350000,4438.62,4442.245,4374.74,4408.24,4453.767163187478,4749.222650476491,58.43006209427441,90079,89479.01196702941,0,0,0,0,0,0,50.47023211083867,,,,,,,,
1774353600,4408.235,4427.645,4362.065,4379.115,4450.839627376205,4745.539987287671,58.94077194468344,106850,91133.39177969328,0,0,0,0,0,0,46.88322174172947,46.88322174172947,,46.88322174172947,,,,,
1774357200,4379.06,4389.89,4351.09,4381.67,4448.127092969295,4741.919390399236,57.50214537720607,157526,97456.4973244844,0,0,0,0,0,0,47.23749015330013,,,,,,,,
1774360800,4381.66,4433.6,4380.855,4416.165,4446.873677558734,4738.678053181334,57.16234927883426,152633,102711.40234120017,0,0,0,0,0,0,51.9017223037861,,,,,,,,
1774364400,4416.12,4431.085,4396.455,4411.79,4445.4978470662345,4735.425435736744,55.552895758917536,127520,105074.12592775254,0,0,0,0,0,0,51.28252267942726,,,,,,,,
1774368000,4411.85,4427.925,4402.635,4421.485,4444.556166789127,4732.301650306527,53.39126034756628,88369,103483.16155368087,0,0,0,0,0,0,52.63116280759694,,,,,,,,
1774371600,4421.49,4426.69,4372.655,4388.695,4442.365532797397,4728.882678661686,53.43724175131154,122640,105307.62235809221,0,0,0,0,0,0,47.81043845642259,,,,,,,,
1774375200,4388.725,4423.72,4383.95,4389.735,4440.301590334753,4725.508074893908,52.461010197646466,95019,104327.75356208342,0,0,0,0,0,0,47.973207941060416,,,,,,,,
1774378800,4389.59,4411.61,4388.695,4400.33,4438.734076988292,4722.2724721586455,50.350580897814574,71514,101202.63417521834,0,0,0,0,0,0,49.69450977249396,,,,,,,,
1774382400,4400.14,4484.495,4397.575,4474.275,4440.1278386750255,4719.804835619753,52.96268226225639,69360,98170.00234900706,0,0,0,0,0,0,59.712725986964685,,,,,,,,
1774389600,4476.635,4485.445,4455.885,4484.35,4441.862041079927,4717.462001434482,51.291062100666615,37426,92384.85926814924,0,0,0,0,0,0,60.85653933077225,,,,,,,,
1774393200,4484.285,4551.66,4472.855,4547.015,4445.9856865277725,4715.766011370457,53.256343379190454,61139,89409.06314737312,0,0,0,0,0,0,67.11115430378128,,,,,,,,
1774396800,4546.99,4572.18,4537.49,4563.295,4450.586051761978,4714.248886879209,51.9301759949626,62261,86823.53332381377,0,0,0,0,0,0,68.51853110841444,,,,,,,,
1774400400,4563.265,4601.415,4552.375,4594.93,4456.246598751704,4713.061634273446,51.72373485246527,51651,83473.76824535531,0,0,0,0,0,0,71.10595850072855,,,,,71.10595850072855,,71.10595850072855,
1774404000,4594.93,4602.645,4579.835,4583.8,4461.248692918304,4711.775448857789,49.65846807728921,42708,79591.31412675005,0,0,0,0,0,0,68.9585564947327,,,,,,,,
1774407600,4583.725,4586.42,4567.755,4570.035,4465.514822607783,4710.365096132836,47.444648928911406,29694,74839.18897182147,0,0,0,0,0,0,66.29209782338607,,,,,,,,
1774411200,4570.015,4574.985,4565.59,4573.02,4469.730711917281,4708.998478260867,44.726816862560554,16804,69312.02811736228,0,0,0,0,0,0,66.59376429181262,,,,,,,,
1774414800,4573.15,4573.585,4549.225,4555.78,4473.105193802878,4707.473916288122,43.27204422952049,33388,65890.69210618491,0,0,0,0,0,0,63.08235984292935,,,,,,,,
1774418400,4555.79,4557.1,4533.145,4545.62,4475.948911692961,4705.863429558887,41.89225535598331,40550,63477.29285797683,0,0,0,0,0,0,61.03967833828348,,,,,,,,
1774422000,4545.595,4563.34,4537.115,4539.675,4478.4479739795115,4704.209813344371,40.77316568769881,37698,61022.12210959808,0,0,0,0,0,0,59.81907307394683,,,,,,,,
1774425600,4539.705,4568.235,4536.05,4556.32,4481.501778921492,4702.738272913083,40.159725281434575,48819,59859.920003922074,0,0,0,0,0,0,62.10400338640696,,,,,,,,
1774429200,4556.295,4567.77,4527.89,4551.94,4484.264062101041,4701.23779258559,40.13974490418925,41584,58119.35619402473,0,0,0,0,0,0,61.11907473024452,,,,,,,,
1774432800,4552,4562.585,4551.39,4558.87,4487.189785155902,4699.821197634489,38.072263125318564,38418,56243.03655649857,0,0,0,0,0,0,62.14209803274781,,,,,,,,
1774436400,4558.915,4585.6,4556.21,4578.965,4490.788813189004,4698.6186484042955,37.45210147351012,42214,54906.93783683204,0,0,0,0,0,0,65.01652538050334,,,,,65.01652538050334,,65.01652538050334,
1774440000,4578.97,4583.87,4521.88,4544.095,4492.879251887474,4697.081099663954,39.204808511116525,80538,57347.991376181366,0,0,0,0,0,0,56.93777961682395,,,,,,,,
1774443600,4544.09,4576.755,4540.925,4544.97,4494.92202632326,4695.567556383716,38.96375076032249,104061,61796.84934035457,0,0,0,0,0,0,57.081892080102165,,,,,,,,
1774447200,4544.96,4579.44,4533.22,4567.34,4497.761946859603,4694.291660300296,39.482054277442266,104109,65826.57797460652,0,0,0,0,0,0,60.70273788309451,,,,,,,,
1774450800,4567.245,4569.375,4525.265,4559.155,4500.169517570991,4692.947016914223,39.81262182905351,87931,67931.761024644,0,0,0,0,0,0,58.74969202733984,,,,,,,,
1774454400,4559.14,4565.185,4545.4,4555.135,4502.325026685854,4691.5757530643305,38.3820774126926,73284,68441.49806991601,0,0,0,0,0,0,57.76664708267504,,,,,,,,
1774458000,4555.155,4563.945,4542.96,4550.835,4504.227378580526,4690.175347561203,37.13942902607168,55377,67197.26015849544,0,0,0,0,0,0,56.674249714631955,,,,,,,,
1774461600,4550.83,4569.025,4530.955,4538.295,4505.563363734232,4688.664100321788,37.205898381352256,54156,65955.23538149588,0,0,0,0,0,0,53.497032265952555,,,,,,,,
1774465200,4538.305,4539.74,4486.59,4530.96,4506.559310254458,4687.094905293711,38.34476278268421,63861,65755.78439278198,0,0,0,0,0,0,51.67227132384542,,,,,,,,
1774468800,4530.955,4542.065,4494.7,4506.845,4506.570513773891,4685.301373897754,38.989065441063886,23079,61691.32873632655,0,0,0,0,0,0,46.10438510359998,,,,,,,,
1774476000,4521.855,4534.83,4505.76,4517.76,4507.009317155307,4683.634295550513,38.28056076670215,30698,58739.583142390686,0,0,0,0,0,0,48.79391002039229,,,,,,,,
1774479600,4517.755,4518.705,4489.075,4498.115,4506.660520404119,4681.788332410707,37.66266356908058,28068,55818.479985972524,0,0,0,0,0,0,44.49059326623041,44.49059326623041,,44.49059326623041,,,,,
1774483200,4498.11,4539.065,4498.04,4535.78,4507.802460780428,4680.335513182739,37.90283045700336,42798,54578.43427302276,0,0,0,0,0,0,53.04167258590319,,,,,,,,
1774486800,4535.72,4544.815,4522.525,4535.895,4508.9041289851175,4678.898294146095,36.787628281503125,56968,54806.01196130631,0,0,0,0,0,0,53.06544600225844,,,,,53.06544600225844,,53.06544600225844,
1774490400,4535.89,4536.21,4505.675,4508.95,4508.9059278484465,4677.207266343647,36.34101197568146,40746,53466.963203086656,0,0,0,0,0,0,47.0544712303556,,,,,,,,
1774494000,4508.955,4518.91,4500.055,4517.165,4509.22981303086,4675.614805982018,35.092011120275615,28540,51092.966707554595,0,0,0,0,0,0,48.95300080507142,,,,,,,,
1774497600,4517.235,4524.25,4511.71,4520.54,4509.673349774748,4674.0717730866745,33.48115318311307,12495,47416.969878263684,0,0,0,0,0,0,49.75021166527569,,,,,,,,
1774501200,4520.58,4522.55,4438.975,4439.045,4506.903610567895,4671.73319823009,37.05928509860498,58281,48451.639413667144,0,0,0,0,0,0,35.38142304664318,,,,,,,,
1774504800,4439.035,4459.77,4415.87,4456.805,4504.938959173076,4669.5946091929745,37.5479075915618,81862,51633.57851712742,0,0,0,0,0,0,39.483428375584516,,,,,,,,
1774508400,4456.82,4463.995,4439.115,4452.895,4502.898019597661,4667.438394176129,36.643057049307394,52402,51706.76151549623,0,0,0,0,0,0,38.897985639865944,,,,,,,,
1774512000,4452.775,4459.455,4412.44,4428.055,4499.962999221282,4665.056469855968,37.383910117214036,86740,55043.26041878231,0,0,0,0,0,0,35.31542522308766,,,,,,,,
1774515600,4427.995,4436.835,4414.705,4423.88,4496.979352192997,4662.656703986755,36.29434510884161,73232,56775.52133127923,0,0,0,0,0,0,34.736343203676086,34.736343203676086,,34.736343203676086,,,,,
1774519200,4423.905,4448.435,4416.995,4443.675,4494.8889854403305,4660.477781559026,35.94760617249582,63263,57393.37644258597,0,0,0,0,0,0,39.77844184930124,,,,,,,,
1774522800,4443.73,4456.865,4419.34,4423.24,4492.079221305416,4658.11720661814,35.891348588746105,61535,57787.81678138731,0,0,0,0,0,0,36.632102251323815,,,,,,,,
1774526400,4423.265,4446.145,4416.775,4429.47,4489.623957724811,4655.842110034875,35.4255379752643,71289,59073.64375458851,0,0,0,0,0,0,38.23605274663843,,,,,,,,
1774530000,4429.315,4461.035,4420.24,4452.84,4488.181449578739,4653.822188541991,35.80907097703114,107829,63717.011016056276,0,0,0,0,0,0,43.965736807117814,,,,,,,,
1774533600,4452.87,4479.895,4437.34,4465.015,4487.272961359965,4651.9435100490355,36.29092305010037,127246,69767.39091928901,0,0,0,0,0,0,46.73783972427489,,,,,,,,
1774537200,4464.89,4469.17,4434.315,4438.415,4485.35696287526,4649.818848257502,36.188357117950375,85102,71227.82987935672,0,0,0,0,0,0,41.86477885918901,,,,,,,,
1774540800,4438.185,4442.785,4366.95,4386.585,4481.483552566427,4647.199605986283,39.02026018095392,86539,72686.03655751323,0,0,0,0,0,0,34.349602564328336,,,,,,,,